source,article_url,article_slug,twitter_url
rekt_news,https://rekt.news/digital-parasites,digital-parasites,https://x.com/tayvano_/status/1999942459368104073
rekt_news,https://rekt.news/digital-parasites,digital-parasites,https://x.com/tayvano_/status/1999942461742031025
rekt_news,https://rekt.news/digital-parasites,digital-parasites,https://x.com/tayvano_/status/1999942463801450867
rekt_news,https://rekt.news/digital-parasites,digital-parasites,https://x.com/tayvano_/status/1999942465915437228
rekt_news,https://rekt.news/digital-parasites,digital-parasites,https://x.com/tayvano_/status/1999942468985577858
rekt_news,https://rekt.news/digital-parasites,digital-parasites,https://x.com/tayvano_/status/1999942471024103608
rekt_news,https://rekt.news/digital-parasites,digital-parasites,https://x.com/tayvano_/status/1999942477093257335
rekt_news,https://rekt.news/frankenclaw,frankenclaw,https://x.com/AlexFinn/status/2015266546600550755
rekt_news,https://rekt.news/frankenclaw,frankenclaw,https://x.com/Mkukkk/status/2015951362270310879
rekt_news,https://rekt.news/frankenclaw,frankenclaw,https://x.com/SlowMist_Team/status/2015962334808965132
rekt_news,https://rekt.news/frankenclaw,frankenclaw,https://x.com/VittoStack/status/2018326025373900881
rekt_news,https://rekt.news/frankenclaw,frankenclaw,https://x.com/__Raiders/status/2016243870196269424
rekt_news,https://rekt.news/frankenclaw,frankenclaw,https://x.com/argvee/status/2015928303098712173
rekt_news,https://rekt.news/frankenclaw,frankenclaw,https://x.com/atShruti/status/2015850485392245192
rekt_news,https://rekt.news/frankenclaw,frankenclaw,https://x.com/steipete/status/2016068265391354181
rekt_news,https://rekt.news/frankenclaw,frankenclaw,https://x.com/steipete/status/2016072109601001611
rekt_news,https://rekt.news/frankenclaw,frankenclaw,https://x.com/steipete/status/2016073406840476131
rekt_news,https://rekt.news/frankenclaw,frankenclaw,https://x.com/steipete/status/2016079236780449975
rekt_news,https://rekt.news/frankenclaw,frankenclaw,https://x.com/steipete/status/2016093029702988077
rekt_news,https://rekt.news/frankenclaw,frankenclaw,https://x.com/steipete/status/2016104591868215360
rekt_news,https://rekt.news/frankenclaw,frankenclaw,https://x.com/theonejvo/status/2015401219746128322
rekt_news,https://rekt.news/frankenclaw,frankenclaw,https://x.com/theonejvo/status/2015892980851474595
rekt_news,https://rekt.news/frankenclaw,frankenclaw,https://x.com/xmayeth/status/2015811060981264868
rekt_news,https://rekt.news/identity-theft-2,identity-theft-2,https://x.com/MrinankSharma/status/2020881722003583421
rekt_news,https://rekt.news/identity-theft-2,identity-theft-2,https://x.com/VitalikButerin/status/2020963864175657102
rekt_news,https://rekt.news/identity-theft-2,identity-theft-2,https://x.com/argvee/status/2015928303098712173
rekt_news,https://rekt.news/identity-theft-2,identity-theft-2,https://x.com/nikitabier/status/2021632774013432061
rekt_news,https://rekt.news/identity-theft-2,identity-theft-2,https://x.com/sama/status/2023150230905159801
rekt_news,https://rekt.news/identity-theft-2,identity-theft-2,https://x.com/singularityhack/status/2021747237475266750
rekt_news,https://rekt.news/identity-theft-2,identity-theft-2,https://x.com/singularityhack/status/2023454419463950455
rekt_news,https://rekt.news/iotex-rekt,iotex-rekt,https://x.com/0xOwnerpaiN/status/2025247211890553271
rekt_news,https://rekt.news/iotex-rekt,iotex-rekt,https://x.com/0xOwnerpaiN/status/2025281337930727737
rekt_news,https://rekt.news/iotex-rekt,iotex-rekt,https://x.com/0xOwnerpaiN/status/2025479734683943192
rekt_news,https://rekt.news/iotex-rekt,iotex-rekt,https://x.com/BeosinAlert/status/2025521268733485103
rekt_news,https://rekt.news/iotex-rekt,iotex-rekt,https://x.com/DefimonAlerts/status/2025148338635469074
rekt_news,https://rekt.news/iotex-rekt,iotex-rekt,https://x.com/PeckShieldAlert/status/2025161252620955965
rekt_news,https://rekt.news/iotex-rekt,iotex-rekt,https://x.com/QuillAudits_AI/status/2025197034647482530
rekt_news,https://rekt.news/iotex-rekt,iotex-rekt,https://x.com/SpecterAnalyst/status/2025138590393532656
rekt_news,https://rekt.news/iotex-rekt,iotex-rekt,https://x.com/SpecterAnalyst/status/2025254991187894459
rekt_news,https://rekt.news/iotex-rekt,iotex-rekt,https://x.com/iotex_io/status/2025158438901481840
rekt_news,https://rekt.news/iotex-rekt,iotex-rekt,https://x.com/iotex_io/status/2025278610375143497
rekt_news,https://rekt.news/iotex-rekt,iotex-rekt,https://x.com/iotex_io/status/2025824807120412842
rekt_news,https://rekt.news/iotex-rekt,iotex-rekt,https://x.com/iotex_io/status/2026257009054527835
rekt_news,https://rekt.news/iotex-rekt,iotex-rekt,https://x.com/iotex_io/status/2026406140683461051
rekt_news,https://rekt.news/legitimacy-on-demand,legitimacy-on-demand,https://x.com/TalHarelTal/status/2018704391738474617
rekt_news,https://rekt.news/legitimacy-on-demand,legitimacy-on-demand,https://x.com/TalHarelTal/status/2018705825846427891
rekt_news,https://rekt.news/legitimacy-on-demand,legitimacy-on-demand,https://x.com/circle/status/2003911712148541572
rekt_news,https://rekt.news/legitimacy-on-demand,legitimacy-on-demand,https://x.com/zachxbt/status/1962485396597776
rekt_news,https://rekt.news/legitimacy-on-demand,legitimacy-on-demand,https://x.com/zachxbt/status/1962485396597776468
rekt_news,https://rekt.news/legitimacy-on-demand,legitimacy-on-demand,https://x.com/zachxbt/status/1962485396597776468468
rekt_news,https://rekt.news/makina-rekt,makina-rekt,https://x.com/CertiKAlert/status/2013473512116363734
rekt_news,https://rekt.news/makina-rekt,makina-rekt,https://x.com/CertiKAlert/status/2013485614767972501
rekt_news,https://rekt.news/makina-rekt,makina-rekt,https://x.com/DefimonAlerts/status/2013550327425900970
rekt_news,https://rekt.news/makina-rekt,makina-rekt,https://x.com/PeckShieldAlert/status/2013468943193645085
rekt_news,https://rekt.news/makina-rekt,makina-rekt,https://x.com/Phalcon_xyz/status/2013502538239352970
rekt_news,https://rekt.news/makina-rekt,makina-rekt,https://x.com/Phalcon_xyz/status/2013506550493782222
rekt_news,https://rekt.news/makina-rekt,makina-rekt,https://x.com/QuillAudits_AI/status/2013527143662395622
rekt_news,https://rekt.news/makina-rekt,makina-rekt,https://x.com/SlowMist_Team/status/2013506241776230897
rekt_news,https://rekt.news/makina-rekt,makina-rekt,https://x.com/TenArmorAlert/status/2013460083078836342
rekt_news,https://rekt.news/makina-rekt,makina-rekt,https://x.com/exvulsec/status/2013468647399006533
rekt_news,https://rekt.news/makina-rekt,makina-rekt,https://x.com/exvulsec/status/2013503874968232158
rekt_news,https://rekt.news/makina-rekt,makina-rekt,https://x.com/makinafi/status/2013660098539720742
rekt_news,https://rekt.news/makina-rekt,makina-rekt,https://x.com/makinafi/status/2014001946915414342
rekt_news,https://rekt.news/makina-rekt,makina-rekt,https://x.com/makinafi/status/2014079031423930710
rekt_news,https://rekt.news/makina-rekt,makina-rekt,https://x.com/nn0b0dyyy/status/2013472538832314630
rekt_news,https://rekt.news/makina-rekt,makina-rekt,https://x.com/nn0b0dyyy/status/2013472544494625050
rekt_news,https://rekt.news/moonwell-rekt,moonwell-rekt,https://x.com/MoonwellDeFi/status/2023123106555199715
rekt_news,https://rekt.news/moonwell-rekt,moonwell-rekt,https://x.com/PatrickAlphaC/status/2024103581410848969
rekt_news,https://rekt.news/moonwell-rekt,moonwell-rekt,https://x.com/PatrickAlphaC/status/2024147368707305618
rekt_news,https://rekt.news/moonwell-rekt,moonwell-rekt,https://x.com/WhiteHatMage/status/2024103796746367415
rekt_news,https://rekt.news/moonwell-rekt,moonwell-rekt,https://x.com/evilcos/status/2023932776727380336
rekt_news,https://rekt.news/moonwell-rekt,moonwell-rekt,https://x.com/irboz/status/2023771281926054032
rekt_news,https://rekt.news/moonwell-rekt,moonwell-rekt,https://x.com/moo9000/status/2024040101982990534
rekt_news,https://rekt.news/moonwell-rekt,moonwell-rekt,https://x.com/pashov/status/2023872510077616223
rekt_news,https://rekt.news/moonwell-rekt,moonwell-rekt,https://x.com/pashov/status/2023873145531494703
rekt_news,https://rekt.news/moonwell-rekt,moonwell-rekt,https://x.com/pashov/status/2024105313075372112
rekt_news,https://rekt.news/moonwell-rekt,moonwell-rekt,https://x.com/wazzcrypto/status/2023851968104714592
rekt_news,https://rekt.news/moonwell-rekt,moonwell-rekt,https://x.com/yieldsandmore/status/2023840920274145660
rekt_news,https://rekt.news/saga-rekt,saga-rekt,https://x.com/CertiKAlert/status/2014163278839337207
rekt_news,https://rekt.news/saga-rekt,saga-rekt,https://x.com/CertiKAlert/status/2015029508210835701
rekt_news,https://rekt.news/saga-rekt,saga-rekt,https://x.com/DefimonAlerts/status/2014005231311319154
rekt_news,https://rekt.news/saga-rekt,saga-rekt,https://x.com/GoPlusSecurity/status/2014272599845704186
rekt_news,https://rekt.news/saga-rekt,saga-rekt,https://x.com/Phalcon_xyz/status/2014026567043916033
rekt_news,https://rekt.news/saga-rekt,saga-rekt,https://x.com/Sagaxyz__/status/2014013472342761896
rekt_news,https://rekt.news/saga-rekt,saga-rekt,https://x.com/cosmoslabs_io/status/2014428829423706156
rekt_news,https://rekt.news/saga-rekt,saga-rekt,https://x.com/officer_secret/status/2014015959174963548
rekt_news,https://rekt.news/saga-rekt,saga-rekt,https://x.com/officer_secret/status/2014016092654494068
rekt_news,https://rekt.news/step-finance-rekt,step-finance-rekt,https://x.com/PeckShieldAlert/status/2010960699766563200
rekt_news,https://rekt.news/step-finance-rekt,step-finance-rekt,https://x.com/QuillAudits_AI/status/2018300903590391809
rekt_news,https://rekt.news/step-finance-rekt,step-finance-rekt,https://x.com/RemoraMarkets/status/2017665030461002098
rekt_news,https://rekt.news/step-finance-rekt,step-finance-rekt,https://x.com/RemoraMarkets/status/2018065419945300454
rekt_news,https://rekt.news/step-finance-rekt,step-finance-rekt,https://x.com/StepFinance_/status/2017579514943938646
rekt_news,https://rekt.news/step-finance-rekt,step-finance-rekt,https://x.com/StepFinance_/status/2017581368226574472
rekt_news,https://rekt.news/step-finance-rekt,step-finance-rekt,https://x.com/StepFinance_/status/2017667403803410554
rekt_news,https://rekt.news/step-finance-rekt,step-finance-rekt,https://x.com/StepFinance_/status/2018379876642804213
rekt_news,https://rekt.news/step-finance-rekt,step-finance-rekt,https://x.com/certikalert/status/2017610781660217643
rekt_news,https://rekt.news/step-finance-rekt,step-finance-rekt,https://x.com/rzonsol/status/2018395166118150320
rekt_news,https://rekt.news/trove-of-bs,trove-of-bs,https://x.com/AMLBotHQ/status/2014825065309757468
rekt_news,https://rekt.news/trove-of-bs,trove-of-bs,https://x.com/AMLBotHQ/status/2014826332685734052
rekt_news,https://rekt.news/trove-of-bs,trove-of-bs,https://x.com/BurwickLaw/status/2013370904835662089
rekt_news,https://rekt.news/trove-of-bs,trove-of-bs,https://x.com/DidiTrading/status/2013372093434331275
rekt_news,https://rekt.news/trove-of-bs,trove-of-bs,https://x.com/Fantardio/status/2013342862411239435
rekt_news,https://rekt.news/trove-of-bs,trove-of-bs,https://x.com/Glenn6/status/2013485762235273275
rekt_news,https://rekt.news/trove-of-bs,trove-of-bs,https://x.com/HyperliquidNews/status/2012936943936385475
rekt_news,https://rekt.news/trove-of-bs,trove-of-bs,https://x.com/MK_007/status/2013381973855633755
rekt_news,https://rekt.news/trove-of-bs,trove-of-bs,https://x.com/NMTD8/status/2012931324881822202
rekt_news,https://rekt.news/trove-of-bs,trove-of-bs,https://x.com/TroveMarkets/status/2008283678879723864
rekt_news,https://rekt.news/trove-of-bs,trove-of-bs,https://x.com/TroveMarkets/status/2012213627391037898
rekt_news,https://rekt.news/trove-of-bs,trove-of-bs,https://x.com/TroveMarkets/status/2012645755778138207
rekt_news,https://rekt.news/trove-of-bs,trove-of-bs,https://x.com/TroveMarkets/status/2012948513991078325
rekt_news,https://rekt.news/trove-of-bs,trove-of-bs,https://x.com/TroveMarkets/status/2012989706833657963
rekt_news,https://rekt.news/trove-of-bs,trove-of-bs,https://x.com/TroveMarkets/status/2013279434610975198
rekt_news,https://rekt.news/trove-of-bs,trove-of-bs,https://x.com/TroveMarkets/status/2013340048129753283
rekt_news,https://rekt.news/trove-of-bs,trove-of-bs,https://x.com/TroveMarkets/status/2016153942120452471
rekt_news,https://rekt.news/trove-of-bs,trove-of-bs,https://x.com/bubblemaps/status/2013390040957886557
rekt_news,https://rekt.news/trove-of-bs,trove-of-bs,https://x.com/bubblemaps/status/2013390056229347561
rekt_news,https://rekt.news/trove-of-bs,trove-of-bs,https://x.com/bubblemaps/status/2013390127679316096
rekt_news,https://rekt.news/trove-of-bs,trove-of-bs,https://x.com/bubblemaps/status/2013390139675025664
rekt_news,https://rekt.news/trove-of-bs,trove-of-bs,https://x.com/dethective/status/2014468156107145275
rekt_news,https://rekt.news/trove-of-bs,trove-of-bs,https://x.com/ethos_network/status/2013362728446931273
rekt_news,https://rekt.news/trove-of-bs,trove-of-bs,https://x.com/eyeonchains/status/2013400024089088412
rekt_news,https://rekt.news/trove-of-bs,trove-of-bs,https://x.com/hrithikk/status/2012798822351778138
rekt_news,https://rekt.news/trove-of-bs,trove-of-bs,https://x.com/lukecannon727/status/2012565833961103832
rekt_news,https://rekt.news/trove-of-bs,trove-of-bs,https://x.com/metaversejoji/status/2013348775939477986
rekt_news,https://rekt.news/trove-of-bs,trove-of-bs,https://x.com/poesdec/status/2010694074995487056
rekt_news,https://rekt.news/trove-of-bs,trove-of-bs,https://x.com/poesdec/status/2010718141110775882
rekt_news,https://rekt.news/trove-of-bs,trove-of-bs,https://x.com/unwisecap/status/2010449992985571695
rekt_news,https://rekt.news/trove-of-bs,trove-of-bs,https://x.com/unwisecap/status/2012548270174720353
rekt_news,https://rekt.news/trove-of-bs,trove-of-bs,https://x.com/unwisecap/status/2012944006615908848
rekt_news,https://rekt.news/trove-of-bs,trove-of-bs,https://x.com/zachxbt/status/2012545418350207378
rekt_news,https://rekt.news/trove-of-bs,trove-of-bs,https://x.com/zachxbt/status/2012550554891763940
rekt_news,https://rekt.news/trove-of-bs,trove-of-bs,https://x.com/zachxbt/status/2013493657551110381
rekt_news,https://rekt.news/yieldblox-rekt,yieldblox-rekt,https://x.com/DefimonAlerts/status/2025852404617371773
rekt_news,https://rekt.news/yieldblox-rekt,yieldblox-rekt,https://x.com/QuillAudits_AI/status/2025938596767944861
rekt_news,https://rekt.news/yieldblox-rekt,yieldblox-rekt,https://x.com/in_reflector/status/2025700358626877576
rekt_news,https://rekt.news/yieldblox-rekt,yieldblox-rekt,https://x.com/in_reflector/status/2025700372489142414
rekt_news,https://rekt.news/yieldblox-rekt,yieldblox-rekt,https://x.com/in_reflector/status/2025700374930477419
rekt_news,https://rekt.news/yieldblox-rekt,yieldblox-rekt,https://x.com/script3official/status/2025403423840141450
rekt_news,https://rekt.news/yieldblox-rekt,yieldblox-rekt,https://x.com/script3official/status/2025722569039778261
rekt_news,https://rekt.news/yieldblox-rekt,yieldblox-rekt,https://x.com/script3official/status/2025999647270199396
rekt_news,https://rekt.news/yieldblox-rekt,yieldblox-rekt,https://x.com/script3official/status/2026013344453501130
rekt_news,https://rekt.news/zero-to-lend,zero-to-lend,https://x.com/HalbornSecurity/status/1889706028838625617
rekt_news,https://rekt.news/zero-to-lend,zero-to-lend,https://x.com/PresidentIn2030/status/1994170283771506962
rekt_news,https://rekt.news/zero-to-lend,zero-to-lend,https://x.com/ionicmoney/status/1888820557887459513
rekt_news,https://rekt.news/zero-to-lend,zero-to-lend,https://x.com/quillaudits_ai/status/1886856127499132961
rekt_news,https://rekt.news/zero-to-lend,zero-to-lend,https://x.com/quillaudits_ai/status/1889324364417597474
rekt_news,https://rekt.news/zero-to-lend,zero-to-lend,https://x.com/torakapa/status/1996645966632702295
rekt_news,https://rekt.news/zero-to-lend,zero-to-lend,https://x.com/zerolendxyz/status/1760181607137505736
